<?xml version='1.0' encoding='UTF-8' standalone='yes'?>
<addon id="plugin.video.videobull" name="VideoBull" provider-name="Kozz" version="0.2.7">
  <requires>
    <import addon="xbmc.python" version="2.0" />
    <import addon="script.module.urlresolver" version="1.0.10"/>
	<import addon="script.module.t0mm0.common" version="1.1.0"/>
    <import addon="script.module.metahandler"  version="1.0.0"/>

  </requires>
  <extension library="default.py" point="xbmc.python.pluginsource">
        <provides>video</provides>
  </extension>
  <extension point="xbmc.addon.metadata">
    <platform>all</platform>
    <summary>Stream TV Shows from Videobull.com Directly to your xbmc device</summary>
    <description>Visit xbmc4xbox.org.uk/forum/ for support. Stream TV Shows from Videobull.com Directly to your xbmc device</description>
    <nofanart>true</nofanart>
    <nochangelog>true</nochangelog>
	</extension>
</addon>
